repetition,approach,best_alpha,offline_mean_reward,online_mean_reward,offline_data_steps,offline_eval_steps,online_eval_steps,online_valid_steps,delta,sigma,sigma_true,sigma_hat,sigma_ratio,underestimate
0,rejection,0.25,0.19967874616146827,0.007237131760279679,1000,1000,1000,1000,0.2,0.5,0.5,0.4946158175880985,0.989231635176197,1
0,plugin,0.5,0.19438130276111823,0.20063713176027972,1000,1000,1000,1000,0.2,0.5,0.5,0.4946158175880985,0.989231635176197,1
1,rejection,0.5,0.23352652224558137,0.21096381167743322,1000,1000,1000,1000,0.2,0.5,0.5,0.5296530480727519,1.0593060961455039,0
1,plugin,0.5,0.24513321880169395,0.21096381167743322,1000,1000,1000,1000,0.2,0.5,0.5,0.5296530480727519,1.0593060961455039,0
2,rejection,0.25,0.21254834542263681,0.019412062024597995,1000,1000,1000,1000,0.2,0.5,0.5,0.5007194332942159,1.0014388665884317,0
2,plugin,1.0,0.21419747728041225,0.209012062024598,1000,1000,1000,1000,0.2,0.5,0.5,0.5007194332942159,1.0014388665884317,0
3,rejection,0.25,0.1849450139922957,0.19889265730269523,1000,1000,1000,1000,0.2,0.5,0.5,0.5084081134754731,1.0168162269509462,0
3,plugin,2.0,0.18429724035064776,0.18009265730269516,1000,1000,1000,1000,0.2,0.5,0.5,0.5084081134754731,1.0168162269509462,0
4,rejection,0.5,0.19388117892755022,0.2080898425047776,1000,1000,1000,1000,0.2,0.5,0.5,0.496220085021777,0.992440170043554,1
4,plugin,0.25,0.19095247785402666,0.21048984250477756,1000,1000,1000,1000,0.2,0.5,0.5,0.496220085021777,0.992440170043554,1
5,rejection,0.25,0.17166924551764332,0.20756490515487402,1000,1000,1000,1000,0.2,0.5,0.5,0.49286443525839946,0.9857288705167989,1
5,plugin,0.5,0.16387753406883765,0.20776490515487397,1000,1000,1000,1000,0.2,0.5,0.5,0.49286443525839946,0.9857288705167989,1
6,rejection,0.25,0.19612897702109774,0.18326430198062948,1000,1000,1000,1000,0.2,0.5,0.5,0.5007041705791825,1.001408341158365,0
6,plugin,1.0,0.18128021363611002,0.17586430198062947,1000,1000,1000,1000,0.2,0.5,0.5,0.5007041705791825,1.001408341158365,0
7,rejection,1.0,0.2065387054154223,0.22613109120635638,1000,1000,1000,1000,0.2,0.5,0.5,0.49095468468676956,0.9819093693735391,1
7,plugin,0.5,0.22013426072871276,0.2395310912063564,1000,1000,1000,1000,0.2,0.5,0.5,0.49095468468676956,0.9819093693735391,1
8,rejection,0.25,0.21850349086647233,0.20603080335877033,1000,1000,1000,1000,0.2,0.5,0.5,0.5109787005968748,1.0219574011937496,0
8,plugin,2.0,0.20907172619265424,0.18763080335877053,1000,1000,1000,1000,0.2,0.5,0.5,0.5109787005968748,1.0219574011937496,0
9,rejection,1.0,0.18237694550323516,0.15738805297853795,1000,1000,1000,1000,0.2,0.5,0.5,0.5119902879963785,1.023980575992757,0
9,plugin,1.0,0.20334114332178485,0.15738805297853795,1000,1000,1000,1000,0.2,0.5,0.5,0.5119902879963785,1.023980575992757,0
10,rejection,0.25,0.21227154741029408,0.1758793204372759,1000,1000,1000,1000,0.2,0.5,0.5,0.4977129300724624,0.9954258601449248,1
10,plugin,0.5,0.2119908266398283,0.17527932043727593,1000,1000,1000,1000,0.2,0.5,0.5,0.4977129300724624,0.9954258601449248,1
11,rejection,0.5,0.2062761832452463,0.1754650225904348,1000,1000,1000,1000,0.2,0.5,0.5,0.5057004916938008,1.0114009833876016,0
11,plugin,1.0,0.2148819388830406,0.17186502259043482,1000,1000,1000,1000,0.2,0.5,0.5,0.5057004916938008,1.0114009833876016,0
12,rejection,1.0,0.16180156752769836,0.17173692082011777,1000,1000,1000,1000,0.2,0.5,0.5,0.4982173851409991,0.9964347702819982,1
12,plugin,0.5,0.1774173050903215,0.18693692082011762,1000,1000,1000,1000,0.2,0.5,0.5,0.4982173851409991,0.9964347702819982,1
13,rejection,0.25,0.1579645776761357,0.2026833377445583,1000,1000,1000,1000,0.2,0.5,0.5,0.5059173004158078,1.0118346008316157,0
13,plugin,0.5,0.16094398880048316,0.2024833377445583,1000,1000,1000,1000,0.2,0.5,0.5,0.5059173004158078,1.0118346008316157,0
14,rejection,0.25,0.2115122267148429,0.1605192780927097,1000,1000,1000,1000,0.2,0.5,0.5,0.4875961563617436,0.9751923127234872,1
14,plugin,1.0,0.2017160445310513,0.19951927809271,1000,1000,1000,1000,0.2,0.5,0.5,0.4875961563617436,0.9751923127234872,1
15,rejection,0.25,0.19398560661624464,0.19173450024250124,1000,1000,1000,1000,0.2,0.5,0.5,0.5139172409877919,1.0278344819755838,0
15,plugin,1.0,0.2107662915232517,0.1809345002425013,1000,1000,1000,1000,0.2,0.5,0.5,0.5139172409877919,1.0278344819755838,0
16,rejection,0.25,0.2191965848716763,0.2019634343644765,1000,1000,1000,1000,0.2,0.5,0.5,0.5093528361313434,1.0187056722626868,0
16,plugin,1.0,0.23343161895311818,0.1941634343644763,1000,1000,1000,1000,0.2,0.5,0.5,0.5093528361313434,1.0187056722626868,0
17,rejection,0.25,0.14359555729663057,0.18047322170301475,1000,1000,1000,1000,0.2,0.5,0.5,0.5007534896354425,1.001506979270885,0
17,plugin,0.25,0.16448369638530144,0.18047322170301475,1000,1000,1000,1000,0.2,0.5,0.5,0.5007534896354425,1.001506979270885,0
18,rejection,1.0,0.1935292252419675,0.1605949755555196,1000,1000,1000,1000,0.2,0.5,0.5,0.5024611695596471,1.0049223391192943,0
18,plugin,0.25,0.2027078250010498,0.16339497555551963,1000,1000,1000,1000,0.2,0.5,0.5,0.5024611695596471,1.0049223391192943,0
19,rejection,0.25,0.17677797542046392,0.1256280865529327,1000,1000,1000,1000,0.2,0.5,0.5,0.506015192549112,1.012030385098224,0
19,plugin,0.5,0.1807554883252465,0.16902808655293242,1000,1000,1000,1000,0.2,0.5,0.5,0.506015192549112,1.012030385098224,0
20,rejection,0.25,0.16268570889939807,0.1964313798891687,1000,1000,1000,1000,0.2,0.5,0.5,0.5150189053695171,1.0300378107390342,0
20,plugin,0.25,0.17042255071738896,0.1964313798891687,1000,1000,1000,1000,0.2,0.5,0.5,0.5150189053695171,1.0300378107390342,0
21,rejection,0.25,0.20268492411694997,0.1786276608820881,1000,1000,1000,1000,0.2,0.5,0.5,0.5274942971396583,1.0549885942793167,0
21,plugin,1.0,0.20477642193325507,0.17702766088208807,1000,1000,1000,1000,0.2,0.5,0.5,0.5274942971396583,1.0549885942793167,0
22,rejection,0.25,0.21024606868910242,0.19941143582899823,1000,1000,1000,1000,0.2,0.5,0.5,0.5032587744575454,1.0065175489150908,0
22,plugin,0.25,0.2096749132978177,0.19941143582899823,1000,1000,1000,1000,0.2,0.5,0.5,0.5032587744575454,1.0065175489150908,0
23,rejection,1.0,0.19992157774052913,0.19815323281806044,1000,1000,1000,1000,0.2,0.5,0.5,0.5065227528436612,1.0130455056873224,0
23,plugin,0.5,0.21465909802789818,0.20855323281806032,1000,1000,1000,1000,0.2,0.5,0.5,0.5065227528436612,1.0130455056873224,0
24,rejection,0.25,0.20734057896066213,0.031587049499644006,1000,1000,1000,1000,0.2,0.5,0.5,0.4994881628453529,0.9989763256907058,1
24,plugin,0.5,0.22829115208102416,0.2209870494996439,1000,1000,1000,1000,0.2,0.5,0.5,0.4994881628453529,0.9989763256907058,1
25,rejection,0.25,0.19941399823586395,0.20396803759721902,1000,1000,1000,1000,0.2,0.5,0.5,0.5221660586549453,1.0443321173098905,0
25,plugin,1.0,0.18175675076625195,0.18656803759721904,1000,1000,1000,1000,0.2,0.5,0.5,0.5221660586549453,1.0443321173098905,0
26,rejection,0.5,0.1902229923706424,0.131107072103151,1000,1000,1000,1000,0.2,0.5,0.5,0.5022121847903628,1.0044243695807256,0
26,plugin,0.25,0.19026835272810283,-0.030292927896848988,1000,1000,1000,1000,0.2,0.5,0.5,0.5022121847903628,1.0044243695807256,0
27,rejection,0.25,0.19022571254606357,0.19097316411019322,1000,1000,1000,1000,0.2,0.5,0.5,0.49817977907653066,0.9963595581530613,1
27,plugin,0.25,0.18883223133532812,0.19097316411019322,1000,1000,1000,1000,0.2,0.5,0.5,0.49817977907653066,0.9963595581530613,1
28,rejection,0.25,0.22472086050681103,0.1670314170170202,1000,1000,1000,1000,0.2,0.5,0.5,0.49176684229193746,0.9835336845838749,1
28,plugin,1.0,0.22044746015546632,0.1632314170170202,1000,1000,1000,1000,0.2,0.5,0.5,0.49176684229193746,0.9835336845838749,1
29,rejection,0.5,0.17104707149344653,0.1861667445078295,1000,1000,1000,1000,0.2,0.5,0.5,0.5183780771305797,1.0367561542611594,0
29,plugin,0.5,0.18082476039315357,0.1861667445078295,1000,1000,1000,1000,0.2,0.5,0.5,0.5183780771305797,1.0367561542611594,0
30,rejection,0.25,0.1862672811323798,0.015379337125465306,1000,1000,1000,1000,0.2,0.5,0.5,0.5132577287665155,1.026515457533031,0
30,plugin,1.0,0.18662919459424956,0.20197933712546542,1000,1000,1000,1000,0.2,0.5,0.5,0.5132577287665155,1.026515457533031,0
31,rejection,0.25,0.21214451462410147,0.010494614292066743,1000,1000,1000,1000,0.2,0.5,0.5,0.5018058920823399,1.0036117841646799,0
31,plugin,0.25,0.2281970595081834,0.010494614292066743,1000,1000,1000,1000,0.2,0.5,0.5,0.5018058920823399,1.0036117841646799,0
32,rejection,0.25,0.17245051458164054,0.22296072366695746,1000,1000,1000,1000,0.2,0.5,0.5,0.49477156553038326,0.9895431310607665,1
32,plugin,0.5,0.18393244036129106,0.22296072366695746,1000,1000,1000,1000,0.2,0.5,0.5,0.49477156553038326,0.9895431310607665,1
33,rejection,0.5,0.21224540696552516,0.19645715592929727,1000,1000,1000,1000,0.2,0.5,0.5,0.5007845065151942,1.0015690130303885,0
33,plugin,0.25,0.21951912554967343,0.20065715592929728,1000,1000,1000,1000,0.2,0.5,0.5,0.5007845065151942,1.0015690130303885,0
34,rejection,0.25,0.24438460037803397,0.20819862418302743,1000,1000,1000,1000,0.2,0.5,0.5,0.4920000330604808,0.9840000661209616,1
34,plugin,1.0,0.23743209158263232,0.2159986241830274,1000,1000,1000,1000,0.2,0.5,0.5,0.4920000330604808,0.9840000661209616,1
35,rejection,0.5,0.20906509677154594,0.2110437590109663,1000,1000,1000,1000,0.2,0.5,0.5,0.5023002650357862,1.0046005300715724,0
35,plugin,0.25,0.21108812525383658,0.2130437590109663,1000,1000,1000,1000,0.2,0.5,0.5,0.5023002650357862,1.0046005300715724,0
36,rejection,0.25,0.1868495483640313,0.17049413975890695,1000,1000,1000,1000,0.2,0.5,0.5,0.5128863495799756,1.0257726991599512,0
36,plugin,1.0,0.173175140383341,0.16569413975890693,1000,1000,1000,1000,0.2,0.5,0.5,0.5128863495799756,1.0257726991599512,0
37,rejection,0.25,0.18901985321096262,0.16943506338795108,1000,1000,1000,1000,0.2,0.5,0.5,0.492523849537077,0.985047699074154,1
37,plugin,0.25,0.19655185474295386,0.16943506338795108,1000,1000,1000,1000,0.2,0.5,0.5,0.492523849537077,0.985047699074154,1
38,rejection,0.25,0.22032068785124168,0.20095642175287057,1000,1000,1000,1000,0.2,0.5,0.5,0.5054460538271743,1.0108921076543487,0
38,plugin,0.25,0.22216049032764054,0.20095642175287057,1000,1000,1000,1000,0.2,0.5,0.5,0.5054460538271743,1.0108921076543487,0
39,rejection,0.5,0.18595149523930998,0.22845723736612467,1000,1000,1000,1000,0.2,0.5,0.5,0.49871856040110624,0.9974371208022125,1
39,plugin,0.5,0.20708621332547283,0.22845723736612467,1000,1000,1000,1000,0.2,0.5,0.5,0.49871856040110624,0.9974371208022125,1
40,rejection,0.25,0.18387754446608418,0.16792339626989597,1000,1000,1000,1000,0.2,0.5,0.5,0.49460853392520554,0.9892170678504111,1
40,plugin,1.0,0.17660030826519701,0.16192339626989594,1000,1000,1000,1000,0.2,0.5,0.5,0.49460853392520554,0.9892170678504111,1
41,rejection,0.5,0.14648530888893851,0.177971037738713,1000,1000,1000,1000,0.2,0.5,0.5,0.48058920234559854,0.9611784046911971,1
41,plugin,1.0,0.15857955015403927,0.17997103773871284,1000,1000,1000,1000,0.2,0.5,0.5,0.48058920234559854,0.9611784046911971,1
42,rejection,0.5,0.20354093555493166,0.18451815476877612,1000,1000,1000,1000,0.2,0.5,0.5,0.5032904732732344,1.0065809465464688,0
42,plugin,1.0,0.2139491737025324,0.19591815476877605,1000,1000,1000,1000,0.2,0.5,0.5,0.5032904732732344,1.0065809465464688,0
43,rejection,0.25,0.2116383395335849,0.18020508654662426,1000,1000,1000,1000,0.2,0.5,0.5,0.5098051947323448,1.0196103894646895,0
43,plugin,0.5,0.225453215276849,0.17980508654662428,1000,1000,1000,1000,0.2,0.5,0.5,0.5098051947323448,1.0196103894646895,0
44,rejection,0.25,0.18824189811610084,0.19690067772376926,1000,1000,1000,1000,0.2,0.5,0.5,0.5031454252238088,1.0062908504476176,0
44,plugin,1.0,0.16425957975804598,0.2131006777237693,1000,1000,1000,1000,0.2,0.5,0.5,0.5031454252238088,1.0062908504476176,0
45,rejection,1.0,0.15578812070135614,0.17046719933877022,1000,1000,1000,1000,0.2,0.5,0.5,0.4985831085323121,0.9971662170646242,1
45,plugin,0.5,0.18161891371340447,0.1774671993387702,1000,1000,1000,1000,0.2,0.5,0.5,0.4985831085323121,0.9971662170646242,1
46,rejection,0.5,0.18616022159381096,0.17296731365932455,1000,1000,1000,1000,0.2,0.5,0.5,0.49295308691293915,0.9859061738258783,1
46,plugin,1.0,0.19332124401171158,0.1655673136593246,1000,1000,1000,1000,0.2,0.5,0.5,0.49295308691293915,0.9859061738258783,1
47,rejection,0.25,0.1785458911688793,0.20062356240405796,1000,1000,1000,1000,0.2,0.5,0.5,0.5030767560984747,1.0061535121969494,0
47,plugin,0.5,0.17701979714241078,0.20062356240405796,1000,1000,1000,1000,0.2,0.5,0.5,0.5030767560984747,1.0061535121969494,0
48,rejection,1.0,0.192212688365663,0.19595471497572758,1000,1000,1000,1000,0.2,0.5,0.5,0.5026897675648527,1.0053795351297055,0
48,plugin,0.5,0.20381864371612335,0.20455471497572766,1000,1000,1000,1000,0.2,0.5,0.5,0.5026897675648527,1.0053795351297055,0
49,rejection,0.25,0.21531055147229503,0.21886186991258108,1000,1000,1000,1000,0.2,0.5,0.5,0.47565193195940514,0.9513038639188103,1
49,plugin,0.5,0.20729243593773705,0.21886186991258108,1000,1000,1000,1000,0.2,0.5,0.5,0.47565193195940514,0.9513038639188103,1
50,rejection,0.5,0.19282031560320437,0.17120130906936792,1000,1000,1000,1000,0.2,0.5,0.5,0.503067258850045,1.00613451770009,0
50,plugin,0.5,0.18158852518097815,0.17120130906936792,1000,1000,1000,1000,0.2,0.5,0.5,0.503067258850045,1.00613451770009,0
51,rejection,1.0,0.18526763511250635,0.1767291463623724,1000,1000,1000,1000,0.2,0.5,0.5,0.5046260297231814,1.0092520594463628,0
51,plugin,1.0,0.20934373217552338,0.1767291463623724,1000,1000,1000,1000,0.2,0.5,0.5,0.5046260297231814,1.0092520594463628,0
52,rejection,0.25,0.24262279399259057,0.21256732670674858,1000,1000,1000,1000,0.2,0.5,0.5,0.5044462364789686,1.0088924729579372,0
52,plugin,0.25,0.2617445328312303,0.21256732670674858,1000,1000,1000,1000,0.2,0.5,0.5,0.5044462364789686,1.0088924729579372,0
53,rejection,0.5,0.2263591866773952,0.22153631414176353,1000,1000,1000,1000,0.2,0.5,0.5,0.4933112500808711,0.9866225001617422,1
53,plugin,0.25,0.22910432038271075,0.22213631414176357,1000,1000,1000,1000,0.2,0.5,0.5,0.4933112500808711,0.9866225001617422,1
54,rejection,0.5,0.19819072520970757,0.21285933335757487,1000,1000,1000,1000,0.2,0.5,0.5,0.5014019165394014,1.0028038330788027,0
54,plugin,1.0,0.2080143165178424,0.20705933335757498,1000,1000,1000,1000,0.2,0.5,0.5,0.5014019165394014,1.0028038330788027,0
55,rejection,0.25,0.23691676026934816,0.2135846303433072,1000,1000,1000,1000,0.2,0.5,0.5,0.5096468638772514,1.0192937277545029,0
55,plugin,0.25,0.25153018519411713,0.2135846303433072,1000,1000,1000,1000,0.2,0.5,0.5,0.5096468638772514,1.0192937277545029,0
56,rejection,0.5,0.17947919773328294,-0.006092623623073754,1000,1000,1000,1000,0.2,0.5,0.5,0.5070976728538452,1.0141953457076904,0
56,plugin,0.25,0.1795079247723079,-0.006292623623073753,1000,1000,1000,1000,0.2,0.5,0.5,0.5070976728538452,1.0141953457076904,0
57,rejection,0.25,0.15188150447214593,0.192939641214152,1000,1000,1000,1000,0.2,0.5,0.5,0.5135914144258252,1.0271828288516505,0
57,plugin,0.5,0.1572500081041763,-0.0024603587858477425,1000,1000,1000,1000,0.2,0.5,0.5,0.5135914144258252,1.0271828288516505,0
58,rejection,0.25,0.18737927467031423,0.22521297236314483,1000,1000,1000,1000,0.2,0.5,0.5,0.5047781098987975,1.009556219797595,0
58,plugin,0.25,0.18546640396619854,0.22521297236314483,1000,1000,1000,1000,0.2,0.5,0.5,0.5047781098987975,1.009556219797595,0
59,rejection,0.25,0.2117938542076578,0.018232991202971418,1000,1000,1000,1000,0.2,0.5,0.5,0.5160291083411113,1.0320582166822225,0
59,plugin,2.0,0.19990383621432484,0.19703299120297138,1000,1000,1000,1000,0.2,0.5,0.5,0.5160291083411113,1.0320582166822225,0
60,rejection,0.5,0.1919560348927142,0.013269405845257334,1000,1000,1000,1000,0.2,0.5,0.5,0.4875067520547002,0.9750135041094004,1
60,plugin,0.25,0.19008153398990257,0.012669405845257335,1000,1000,1000,1000,0.2,0.5,0.5,0.4875067520547002,0.9750135041094004,1
61,rejection,1.0,0.21221555179083731,0.17449996386612499,1000,1000,1000,1000,0.2,0.5,0.5,0.5021531161784607,1.0043062323569214,0
61,plugin,0.5,0.23914959345866627,0.18569996386612478,1000,1000,1000,1000,0.2,0.5,0.5,0.5021531161784607,1.0043062323569214,0
62,rejection,0.5,0.17457824926328444,0.21300533849882,1000,1000,1000,1000,0.2,0.5,0.5,0.5030908042742079,1.0061816085484159,0
62,plugin,0.5,0.1625186525949412,0.21300533849882,1000,1000,1000,1000,0.2,0.5,0.5,0.5030908042742079,1.0061816085484159,0
63,rejection,0.5,0.20418648942549436,0.17732006606718428,1000,1000,1000,1000,0.2,0.5,0.5,0.4954427277107551,0.9908854554215102,1
63,plugin,1.0,0.20503937317224596,0.17032006606718428,1000,1000,1000,1000,0.2,0.5,0.5,0.4954427277107551,0.9908854554215102,1
64,rejection,0.5,0.2018057544609048,0.20656282880084406,1000,1000,1000,1000,0.2,0.5,0.5,0.5096484228613051,1.0192968457226101,0
64,plugin,0.5,0.2151252232211935,0.20656282880084406,1000,1000,1000,1000,0.2,0.5,0.5,0.5096484228613051,1.0192968457226101,0
65,rejection,0.25,0.14208803126652267,0.21181020700756836,1000,1000,1000,1000,0.2,0.5,0.5,0.509924611611747,1.019849223223494,0
65,plugin,0.5,0.15309765707243117,0.20281020700756835,1000,1000,1000,1000,0.2,0.5,0.5,0.509924611611747,1.019849223223494,0
66,rejection,0.25,0.23771170686761925,0.24073759948303275,1000,1000,1000,1000,0.2,0.5,0.5,0.4929137311018392,0.9858274622036785,1
66,plugin,0.25,0.2403774411934735,0.24073759948303275,1000,1000,1000,1000,0.2,0.5,0.5,0.4929137311018392,0.9858274622036785,1
67,rejection,0.25,0.20108304402232538,0.1870682239097223,1000,1000,1000,1000,0.2,0.5,0.5,0.4989234477793372,0.9978468955586745,1
67,plugin,0.25,0.19134280732438677,0.1870682239097223,1000,1000,1000,1000,0.2,0.5,0.5,0.4989234477793372,0.9978468955586745,1
68,rejection,0.25,0.24428631732553927,-0.0048183452748318265,1000,1000,1000,1000,0.2,0.5,0.5,0.5037628456036466,1.0075256912072932,0
68,plugin,0.5,0.24280264444425473,0.18598165472516798,1000,1000,1000,1000,0.2,0.5,0.5,0.5037628456036466,1.0075256912072932,0
69,rejection,0.5,0.22205504454127492,0.21026871596859306,1000,1000,1000,1000,0.2,0.5,0.5,0.5102737510636317,1.0205475021272634,0
69,plugin,0.5,0.21713987186470796,0.21026871596859306,1000,1000,1000,1000,0.2,0.5,0.5,0.5102737510636317,1.0205475021272634,0
70,rejection,0.25,0.21918557780044315,0.20191813085482094,1000,1000,1000,1000,0.2,0.5,0.5,0.5029371003012406,1.0058742006024812,0
70,plugin,0.25,0.2181435221541049,0.20191813085482094,1000,1000,1000,1000,0.2,0.5,0.5,0.5029371003012406,1.0058742006024812,0
71,rejection,0.5,0.23091106832853217,0.2024019536923323,1000,1000,1000,1000,0.2,0.5,0.5,0.513992770536143,1.027985541072286,0
71,plugin,0.25,0.25460115178022064,0.2024019536923323,1000,1000,1000,1000,0.2,0.5,0.5,0.513992770536143,1.027985541072286,0
72,rejection,0.25,0.2123943768734208,0.17185406785888527,1000,1000,1000,1000,0.2,0.5,0.5,0.49433985478625714,0.9886797095725143,1
72,plugin,0.5,0.22865129518181262,0.20785406785888527,1000,1000,1000,1000,0.2,0.5,0.5,0.49433985478625714,0.9886797095725143,1
73,rejection,1.0,0.20347557183653045,0.20832282063985533,1000,1000,1000,1000,0.2,0.5,0.5,0.4814719044056555,0.962943808811311,1
73,plugin,1.0,0.22393705777361647,0.20832282063985533,1000,1000,1000,1000,0.2,0.5,0.5,0.4814719044056555,0.962943808811311,1
74,rejection,0.25,0.1720482721491243,0.18459194465913417,1000,1000,1000,1000,0.2,0.5,0.5,0.4796786893335906,0.9593573786671812,1
74,plugin,0.5,0.17449547178196803,0.18359194465913425,1000,1000,1000,1000,0.2,0.5,0.5,0.4796786893335906,0.9593573786671812,1
75,rejection,0.25,0.1896281818840779,0.20732894070809488,1000,1000,1000,1000,0.2,0.5,0.5,0.5128523369104,1.0257046738208,0
75,plugin,0.25,0.2010371145937402,0.20732894070809488,1000,1000,1000,1000,0.2,0.5,0.5,0.5128523369104,1.0257046738208,0
76,rejection,0.5,0.2039740436898382,0.14703981198192426,1000,1000,1000,1000,0.2,0.5,0.5,0.48693000706182554,0.9738600141236511,1
76,plugin,1.0,0.22062300115844904,0.18543981198192397,1000,1000,1000,1000,0.2,0.5,0.5,0.48693000706182554,0.9738600141236511,1
77,rejection,0.25,0.22938093922716832,0.18854338303036486,1000,1000,1000,1000,0.2,0.5,0.5,0.5115480236399006,1.0230960472798012,0
77,plugin,0.25,0.24209519908709584,0.18854338303036486,1000,1000,1000,1000,0.2,0.5,0.5,0.5115480236399006,1.0230960472798012,0
78,rejection,2.0,0.15101496797208355,0.19349121591078974,1000,1000,1000,1000,0.2,0.5,0.5,0.49602493185278923,0.9920498637055785,1
78,plugin,1.0,0.15054723855583585,0.20849121591078992,1000,1000,1000,1000,0.2,0.5,0.5,0.49602493185278923,0.9920498637055785,1
79,rejection,1.0,0.17060951201466,0.1978794549648348,1000,1000,1000,1000,0.2,0.5,0.5,0.500318954699529,1.000637909399058,0
79,plugin,1.0,0.19759899020745095,0.1978794549648348,1000,1000,1000,1000,0.2,0.5,0.5,0.500318954699529,1.000637909399058,0
80,rejection,0.5,0.13454145276611132,0.18886314864299092,1000,1000,1000,1000,0.2,0.5,0.5,0.496232285333896,0.992464570667792,1
80,plugin,0.5,0.1322949439469273,0.18886314864299092,1000,1000,1000,1000,0.2,0.5,0.5,0.496232285333896,0.992464570667792,1
81,rejection,0.25,0.1897297507886803,0.23588071885786446,1000,1000,1000,1000,0.2,0.5,0.5,0.49511257943871545,0.9902251588774309,1
81,plugin,0.5,0.19935538190987656,0.21428071885786454,1000,1000,1000,1000,0.2,0.5,0.5,0.49511257943871545,0.9902251588774309,1
82,rejection,0.25,0.20192084398616153,0.19641750466727748,1000,1000,1000,1000,0.2,0.5,0.5,0.5013079725274264,1.0026159450548529,0
82,plugin,0.5,0.2068798199045319,0.19541750466727753,1000,1000,1000,1000,0.2,0.5,0.5,0.5013079725274264,1.0026159450548529,0
83,rejection,0.25,0.1786751371835672,0.21390952783997783,1000,1000,1000,1000,0.2,0.5,0.5,0.4859612807211245,0.971922561442249,1
83,plugin,0.5,0.18032812960378597,0.21750952783997796,1000,1000,1000,1000,0.2,0.5,0.5,0.4859612807211245,0.971922561442249,1
84,rejection,0.5,0.2070329119837099,0.21811981128179808,1000,1000,1000,1000,0.2,0.5,0.5,0.48722988264759853,0.9744597652951971,1
84,plugin,1.0,0.21637659327698802,0.21731981128179803,1000,1000,1000,1000,0.2,0.5,0.5,0.48722988264759853,0.9744597652951971,1
85,rejection,0.5,0.18449669372132463,0.21548139590684473,1000,1000,1000,1000,0.2,0.5,0.5,0.5096151169588782,1.0192302339177564,0
85,plugin,0.25,0.20425972149589514,0.2170813959068447,1000,1000,1000,1000,0.2,0.5,0.5,0.5096151169588782,1.0192302339177564,0
86,rejection,0.25,0.2221527000169258,0.01920103770505205,1000,1000,1000,1000,0.2,0.5,0.5,0.5171266936066305,1.034253387213261,0
86,plugin,0.25,0.22296273323324886,0.01920103770505205,1000,1000,1000,1000,0.2,0.5,0.5,0.5171266936066305,1.034253387213261,0
87,rejection,0.25,0.14910703216765347,0.2184954886779401,1000,1000,1000,1000,0.2,0.5,0.5,0.49416856430350836,0.9883371286070167,1
87,plugin,1.0,0.13079537907540742,0.21409548867794,1000,1000,1000,1000,0.2,0.5,0.5,0.49416856430350836,0.9883371286070167,1
88,rejection,0.25,0.21042584339687162,0.21000291651360598,1000,1000,1000,1000,0.2,0.5,0.5,0.5082303311016702,1.0164606622033403,0
88,plugin,1.0,0.20678792539734858,0.19580291651360593,1000,1000,1000,1000,0.2,0.5,0.5,0.5082303311016702,1.0164606622033403,0
89,rejection,0.25,0.1738676823803873,0.19234470564031317,1000,1000,1000,1000,0.2,0.5,0.5,0.5121082765636396,1.024216553127279,0
89,plugin,1.0,0.15896970012504896,0.1907447056403132,1000,1000,1000,1000,0.2,0.5,0.5,0.5121082765636396,1.024216553127279,0
90,rejection,0.25,0.19818615905598982,0.19459125944241512,1000,1000,1000,1000,0.2,0.5,0.5,0.4935355577923858,0.9870711155847716,1
90,plugin,0.5,0.19416567444480826,0.19459125944241512,1000,1000,1000,1000,0.2,0.5,0.5,0.4935355577923858,0.9870711155847716,1
91,rejection,0.25,0.18713551473592815,0.2150359049161205,1000,1000,1000,1000,0.2,0.5,0.5,0.49091409592071816,0.9818281918414363,1
91,plugin,0.5,0.19483125057152292,0.20343590491612065,1000,1000,1000,1000,0.2,0.5,0.5,0.49091409592071816,0.9818281918414363,1
92,rejection,0.5,0.19338768995122493,0.22360988261920817,1000,1000,1000,1000,0.2,0.5,0.5,0.5010551530660207,1.0021103061320413,0
92,plugin,0.5,0.18871248272877073,0.22360988261920817,1000,1000,1000,1000,0.2,0.5,0.5,0.5010551530660207,1.0021103061320413,0
93,rejection,0.25,0.19853783759535112,0.17702819743777554,1000,1000,1000,1000,0.2,0.5,0.5,0.49677024477327236,0.9935404895465447,1
93,plugin,0.25,0.20292067802405347,0.17702819743777554,1000,1000,1000,1000,0.2,0.5,0.5,0.49677024477327236,0.9935404895465447,1
94,rejection,0.25,0.23131855015144734,0.21527869114746118,1000,1000,1000,1000,0.2,0.5,0.5,0.5020263990106753,1.0040527980213505,0
94,plugin,0.5,0.23555746377209932,0.21367869114746116,1000,1000,1000,1000,0.2,0.5,0.5,0.5020263990106753,1.0040527980213505,0
95,rejection,1.0,0.21317621341946794,0.18144052879951975,1000,1000,1000,1000,0.2,0.5,0.5,0.4850459215476227,0.9700918430952454,1
95,plugin,0.5,0.22521204990840102,0.19804052879951978,1000,1000,1000,1000,0.2,0.5,0.5,0.4850459215476227,0.9700918430952454,1
96,rejection,0.25,0.22254735491508562,0.17750273812322626,1000,1000,1000,1000,0.2,0.5,0.5,0.5043580760165959,1.0087161520331918,0
96,plugin,0.25,0.22193949142186742,0.17750273812322626,1000,1000,1000,1000,0.2,0.5,0.5,0.5043580760165959,1.0087161520331918,0
97,rejection,0.25,0.17762185835435415,0.19279909407222728,1000,1000,1000,1000,0.2,0.5,0.5,0.5138042870962917,1.0276085741925833,0
97,plugin,0.5,0.1778063250503519,0.19279909407222728,1000,1000,1000,1000,0.2,0.5,0.5,0.5138042870962917,1.0276085741925833,0
98,rejection,0.25,0.20803715196068975,0.18595384578703916,1000,1000,1000,1000,0.2,0.5,0.5,0.5049628513805754,1.0099257027611508,0
98,plugin,1.0,0.2109109602630579,0.17135384578703927,1000,1000,1000,1000,0.2,0.5,0.5,0.5049628513805754,1.0099257027611508,0
99,rejection,0.5,0.1926951187637114,0.2021034731248153,1000,1000,1000,1000,0.2,0.5,0.5,0.47050571988685935,0.9410114397737187,1
99,plugin,1.0,0.19603729533356198,0.18990347312481531,1000,1000,1000,1000,0.2,0.5,0.5,0.47050571988685935,0.9410114397737187,1
100,rejection,0.25,0.2344489129414268,0.0024081550990934543,1000,1000,1000,1000,0.2,0.5,0.5,0.49180215543385225,0.9836043108677045,1
100,plugin,0.25,0.24376255598125252,0.0024081550990934543,1000,1000,1000,1000,0.2,0.5,0.5,0.49180215543385225,0.9836043108677045,1
101,rejection,0.25,0.17866262492049026,0.20382246815396451,1000,1000,1000,1000,0.2,0.5,0.5,0.4998106683958044,0.9996213367916088,1
101,plugin,0.5,0.17787792247651538,0.20142246815396453,1000,1000,1000,1000,0.2,0.5,0.5,0.4998106683958044,0.9996213367916088,1
102,rejection,0.5,0.20163192922207637,0.1788685657287246,1000,1000,1000,1000,0.2,0.5,0.5,0.5086771352548566,1.0173542705097132,0
102,plugin,0.25,0.2215802338067713,0.1788685657287246,1000,1000,1000,1000,0.2,0.5,0.5,0.5086771352548566,1.0173542705097132,0
103,rejection,0.25,0.19411629273587724,0.21117226156672925,1000,1000,1000,1000,0.2,0.5,0.5,0.5142805559621204,1.0285611119242408,0
103,plugin,0.25,0.2043791615779483,0.21117226156672925,1000,1000,1000,1000,0.2,0.5,0.5,0.5142805559621204,1.0285611119242408,0
104,rejection,0.25,0.20179647381080149,0.17733116807539032,1000,1000,1000,1000,0.2,0.5,0.5,0.5148039963905502,1.0296079927811004,0
104,plugin,0.25,0.206243256860849,0.17733116807539032,1000,1000,1000,1000,0.2,0.5,0.5,0.5148039963905502,1.0296079927811004,0
105,rejection,0.5,0.20851923375715606,0.19829932296169261,1000,1000,1000,1000,0.2,0.5,0.5,0.4989525950150294,0.9979051900300588,1
105,plugin,0.5,0.20427713507160442,0.19829932296169261,1000,1000,1000,1000,0.2,0.5,0.5,0.4989525950150294,0.9979051900300588,1
106,rejection,1.0,0.20154515431718986,0.18562302681312703,1000,1000,1000,1000,0.2,0.5,0.5,0.49842263487470645,0.9968452697494129,1
106,plugin,1.0,0.22203691841679263,0.18562302681312703,1000,1000,1000,1000,0.2,0.5,0.5,0.49842263487470645,0.9968452697494129,1
107,rejection,0.5,0.17302346551542666,0.19169374710831344,1000,1000,1000,1000,0.2,0.5,0.5,0.5200276280548841,1.0400552561097682,0
107,plugin,0.25,0.19671809454265343,0.19189374710831342,1000,1000,1000,1000,0.2,0.5,0.5,0.5200276280548841,1.0400552561097682,0
108,rejection,1.0,0.20453242592350396,0.2116684550950505,1000,1000,1000,1000,0.2,0.5,0.5,0.4997625478188826,0.9995250956377651,1
108,plugin,0.5,0.21741462704125114,0.21486845509505048,1000,1000,1000,1000,0.2,0.5,0.5,0.4997625478188826,0.9995250956377651,1
109,rejection,0.25,0.2078084414348813,0.19785620347301655,1000,1000,1000,1000,0.2,0.5,0.5,0.4954901502216971,0.9909803004433942,1
109,plugin,0.5,0.20963610055080614,0.16485620347301685,1000,1000,1000,1000,0.2,0.5,0.5,0.4954901502216971,0.9909803004433942,1
110,rejection,0.25,0.2052710320471459,0.17864589667659825,1000,1000,1000,1000,0.2,0.5,0.5,0.4916425065028834,0.9832850130057668,1
110,plugin,0.25,0.20520942286977295,0.17864589667659825,1000,1000,1000,1000,0.2,0.5,0.5,0.4916425065028834,0.9832850130057668,1
111,rejection,0.25,0.1642259130213699,0.18063239822147512,1000,1000,1000,1000,0.2,0.5,0.5,0.47283192806743546,0.9456638561348709,1
111,plugin,0.25,0.15476976738896794,0.18063239822147512,1000,1000,1000,1000,0.2,0.5,0.5,0.47283192806743546,0.9456638561348709,1
112,rejection,0.25,0.19929228267354784,0.19633825802752977,1000,1000,1000,1000,0.2,0.5,0.5,0.5001293441973775,1.000258688394755,0
112,plugin,1.0,0.1968537631492129,0.1753382580275298,1000,1000,1000,1000,0.2,0.5,0.5,0.5001293441973775,1.000258688394755,0
113,rejection,0.25,0.24235060187083424,0.20195633706086402,1000,1000,1000,1000,0.2,0.5,0.5,0.5148021550510014,1.0296043101020027,0
113,plugin,0.25,0.2612185048558853,0.20195633706086402,1000,1000,1000,1000,0.2,0.5,0.5,0.5148021550510014,1.0296043101020027,0
114,rejection,0.25,0.15851920900010702,0.01392129931080876,1000,1000,1000,1000,0.2,0.5,0.5,0.5085567683716676,1.0171135367433353,0
114,plugin,1.0,0.14314534275277402,0.20672129931080882,1000,1000,1000,1000,0.2,0.5,0.5,0.5085567683716676,1.0171135367433353,0
115,rejection,0.25,0.1879310650684408,0.18221873119527268,1000,1000,1000,1000,0.2,0.5,0.5,0.49301203743351946,0.9860240748670389,1
115,plugin,0.5,0.1858446275205123,0.17961873119527266,1000,1000,1000,1000,0.2,0.5,0.5,0.49301203743351946,0.9860240748670389,1
116,rejection,0.5,0.21098638748477602,0.2315809883336578,1000,1000,1000,1000,0.2,0.5,0.5,0.502715777801488,1.005431555602976,0
116,plugin,1.0,0.1991998977490372,0.2149809883336576,1000,1000,1000,1000,0.2,0.5,0.5,0.502715777801488,1.005431555602976,0
117,rejection,0.25,0.18480300079651657,0.19071990654282547,1000,1000,1000,1000,0.2,0.5,0.5,0.4891547122169782,0.9783094244339564,1
117,plugin,0.5,0.18373284464582562,-0.007080093457174614,1000,1000,1000,1000,0.2,0.5,0.5,0.4891547122169782,0.9783094244339564,1
118,rejection,0.25,0.23907887965482186,0.20993735982410602,1000,1000,1000,1000,0.2,0.5,0.5,0.4895612246002288,0.9791224492004575,1
118,plugin,0.5,0.2403509558124609,0.20993735982410602,1000,1000,1000,1000,0.2,0.5,0.5,0.4895612246002288,0.9791224492004575,1
119,rejection,0.25,0.18161274600241165,0.1671142706276545,1000,1000,1000,1000,0.2,0.5,0.5,0.5075575029733344,1.0151150059466687,0
119,plugin,0.5,0.17414857716002663,0.16591427062765451,1000,1000,1000,1000,0.2,0.5,0.5,0.5075575029733344,1.0151150059466687,0
120,rejection,0.5,0.17929745313360587,0.19128511647616825,1000,1000,1000,1000,0.2,0.5,0.5,0.49975625725241196,0.9995125145048239,1
120,plugin,0.5,0.2009072394339826,0.19128511647616825,1000,1000,1000,1000,0.2,0.5,0.5,0.49975625725241196,0.9995125145048239,1
121,rejection,0.5,0.1945484559041386,0.17636944056176587,1000,1000,1000,1000,0.2,0.5,0.5,0.5051683823437463,1.0103367646874926,0
121,plugin,0.5,0.19843827836908776,0.17636944056176587,1000,1000,1000,1000,0.2,0.5,0.5,0.5051683823437463,1.0103367646874926,0
122,rejection,0.25,0.15451051392945553,0.1914183430425413,1000,1000,1000,1000,0.2,0.5,0.5,0.5189657824446745,1.037931564889349,0
122,plugin,1.0,0.15126988861693966,0.1960183430425412,1000,1000,1000,1000,0.2,0.5,0.5,0.5189657824446745,1.037931564889349,0
123,rejection,0.25,0.20032732867081157,0.1891278117544797,1000,1000,1000,1000,0.2,0.5,0.5,0.4909341129254319,0.9818682258508638,1
123,plugin,0.25,0.22475163839460713,0.1891278117544797,1000,1000,1000,1000,0.2,0.5,0.5,0.4909341129254319,0.9818682258508638,1
124,rejection,0.25,0.17433105113052175,0.20771844829264202,1000,1000,1000,1000,0.2,0.5,0.5,0.47855722629005004,0.9571144525801001,1
124,plugin,0.5,0.17727615849331238,0.20391844829264202,1000,1000,1000,1000,0.2,0.5,0.5,0.47855722629005004,0.9571144525801001,1
125,rejection,0.25,0.21679628153254293,0.19358161058342907,1000,1000,1000,1000,0.2,0.5,0.5,0.5167856274260249,1.0335712548520497,0
125,plugin,0.5,0.2170233970533486,0.19358161058342907,1000,1000,1000,1000,0.2,0.5,0.5,0.5167856274260249,1.0335712548520497,0
126,rejection,0.5,0.2130673154088573,0.18112728044629567,1000,1000,1000,1000,0.2,0.5,0.5,0.47618039387861755,0.9523607877572351,1
126,plugin,0.5,0.21203238829560334,0.18112728044629567,1000,1000,1000,1000,0.2,0.5,0.5,0.47618039387861755,0.9523607877572351,1
127,rejection,0.25,0.23618183039971405,0.19930239048061588,1000,1000,1000,1000,0.2,0.5,0.5,0.4895373597853951,0.9790747195707902,1
127,plugin,1.0,0.23241484072327348,0.19810239048061587,1000,1000,1000,1000,0.2,0.5,0.5,0.4895373597853951,0.9790747195707902,1
128,rejection,0.25,0.22262260857130578,0.1892754664582003,1000,1000,1000,1000,0.2,0.5,0.5,0.5041944125538511,1.0083888251077022,0
128,plugin,0.25,0.22780634361306204,0.1892754664582003,1000,1000,1000,1000,0.2,0.5,0.5,0.5041944125538511,1.0083888251077022,0
129,rejection,1.0,0.2307158799615081,0.18430133924698683,1000,1000,1000,1000,0.2,0.5,0.5,0.49999434746142446,0.9999886949228489,1
129,plugin,0.25,0.2235993476325994,0.1807013392469869,1000,1000,1000,1000,0.2,0.5,0.5,0.49999434746142446,0.9999886949228489,1
130,rejection,0.5,0.22319887830866592,0.1990035267112801,1000,1000,1000,1000,0.2,0.5,0.5,0.5002297468660093,1.0004594937320186,0
130,plugin,0.5,0.23654602188497534,0.1990035267112801,1000,1000,1000,1000,0.2,0.5,0.5,0.5002297468660093,1.0004594937320186,0
131,rejection,0.25,0.20880997397726983,0.1803239045910235,1000,1000,1000,1000,0.2,0.5,0.5,0.5141954175177246,1.0283908350354491,0
131,plugin,1.0,0.198194097636745,0.17212390459102342,1000,1000,1000,1000,0.2,0.5,0.5,0.5141954175177246,1.0283908350354491,0
132,rejection,0.25,0.2309788981081217,0.20154435565788614,1000,1000,1000,1000,0.2,0.5,0.5,0.4853257237026072,0.9706514474052144,1
132,plugin,1.0,0.22347941533219995,0.19374435565788609,1000,1000,1000,1000,0.2,0.5,0.5,0.4853257237026072,0.9706514474052144,1
133,rejection,0.5,0.19442794035499297,0.20155773108808867,1000,1000,1000,1000,0.2,0.5,0.5,0.49026316545227966,0.9805263309045593,1
133,plugin,2.0,0.1846594053798213,0.16735773108808868,1000,1000,1000,1000,0.2,0.5,0.5,0.49026316545227966,0.9805263309045593,1
134,rejection,0.25,0.17320658131314878,0.18477610158548227,1000,1000,1000,1000,0.2,0.5,0.5,0.5039481001244378,1.0078962002488756,0
134,plugin,0.25,0.17713462795412008,0.18477610158548227,1000,1000,1000,1000,0.2,0.5,0.5,0.5039481001244378,1.0078962002488756,0
135,rejection,0.25,0.1959222492351503,0.21482906614777075,1000,1000,1000,1000,0.2,0.5,0.5,0.49032352590600253,0.9806470518120051,1
135,plugin,1.0,0.20347797142634874,0.21622906614777074,1000,1000,1000,1000,0.2,0.5,0.5,0.49032352590600253,0.9806470518120051,1
136,rejection,0.25,0.19703220367470445,0.21019523819498057,1000,1000,1000,1000,0.2,0.5,0.5,0.49090809979898675,0.9818161995979735,1
136,plugin,0.5,0.20282827165583825,0.2075952381949806,1000,1000,1000,1000,0.2,0.5,0.5,0.49090809979898675,0.9818161995979735,1
137,rejection,0.25,0.17000680725683873,0.21915825627600727,1000,1000,1000,1000,0.2,0.5,0.5,0.509339802270384,1.018679604540768,0
137,plugin,0.5,0.18944019981594037,0.2175582562760073,1000,1000,1000,1000,0.2,0.5,0.5,0.509339802270384,1.018679604540768,0
138,rejection,0.25,0.22157864775451855,0.21487120350290514,1000,1000,1000,1000,0.2,0.5,0.5,0.5011016539082821,1.0022033078165642,0
138,plugin,1.0,0.21071449780664098,0.20467120350290513,1000,1000,1000,1000,0.2,0.5,0.5,0.5011016539082821,1.0022033078165642,0
139,rejection,0.25,0.21951544064313566,0.18663600075278167,1000,1000,1000,1000,0.2,0.5,0.5,0.49073981816905016,0.9814796363381003,1
139,plugin,1.0,0.22279456411489984,0.1770360007527816,1000,1000,1000,1000,0.2,0.5,0.5,0.49073981816905016,0.9814796363381003,1
140,rejection,0.25,0.20248116713516015,0.19734145688055213,1000,1000,1000,1000,0.2,0.5,0.5,0.4896072184612559,0.9792144369225118,1
140,plugin,0.5,0.2087262741557385,0.19654145688055213,1000,1000,1000,1000,0.2,0.5,0.5,0.4896072184612559,0.9792144369225118,1
141,rejection,0.25,0.16578173193004753,0.21474291180951283,1000,1000,1000,1000,0.2,0.5,0.5,0.4964408607214466,0.9928817214428932,1
141,plugin,0.5,0.1711638251532126,0.2047429118095127,1000,1000,1000,1000,0.2,0.5,0.5,0.4964408607214466,0.9928817214428932,1
142,rejection,0.25,0.180475273042877,0.012284900032866497,1000,1000,1000,1000,0.2,0.5,0.5,0.5162486422244451,1.0324972844488902,0
142,plugin,1.0,0.1755379640485674,0.19788490003286635,1000,1000,1000,1000,0.2,0.5,0.5,0.5162486422244451,1.0324972844488902,0
143,rejection,0.5,0.2292733856551112,0.22818687776892932,1000,1000,1000,1000,0.2,0.5,0.5,0.5069086321181443,1.0138172642362886,0
143,plugin,0.5,0.2070049923336069,0.22818687776892932,1000,1000,1000,1000,0.2,0.5,0.5,0.5069086321181443,1.0138172642362886,0
144,rejection,0.5,0.23409346789346794,0.23651675786235138,1000,1000,1000,1000,0.2,0.5,0.5,0.5157059103744024,1.0314118207488048,0
144,plugin,1.0,0.24503413355660553,0.21351675786235152,1000,1000,1000,1000,0.2,0.5,0.5,0.5157059103744024,1.0314118207488048,0
145,rejection,0.25,0.18711294137347864,0.1987391245596812,1000,1000,1000,1000,0.2,0.5,0.5,0.4953169994771819,0.9906339989543638,1
145,plugin,0.25,0.18653692005022582,0.1987391245596812,1000,1000,1000,1000,0.2,0.5,0.5,0.4953169994771819,0.9906339989543638,1
146,rejection,0.25,0.1542513213626877,0.1929221496132474,1000,1000,1000,1000,0.2,0.5,0.5,0.5118851975221373,1.0237703950442747,0
146,plugin,0.5,0.18218451940951277,0.1929221496132474,1000,1000,1000,1000,0.2,0.5,0.5,0.5118851975221373,1.0237703950442747,0
147,rejection,1.0,0.16141248878701095,0.20821596698864744,1000,1000,1000,1000,0.2,0.5,0.5,0.5063201340274087,1.0126402680548174,0
147,plugin,0.25,0.1764335564858721,0.016015966988647556,1000,1000,1000,1000,0.2,0.5,0.5,0.5063201340274087,1.0126402680548174,0
148,rejection,0.25,0.2194641804692112,0.1976199023986626,1000,1000,1000,1000,0.2,0.5,0.5,0.5094505019392778,1.0189010038785555,0
148,plugin,0.25,0.22183740291218335,0.1976199023986626,1000,1000,1000,1000,0.2,0.5,0.5,0.5094505019392778,1.0189010038785555,0
149,rejection,0.5,0.1980445936270472,0.030773327029153308,1000,1000,1000,1000,0.2,0.5,0.5,0.5132969755670211,1.0265939511340423,0
149,plugin,1.0,0.19781604613417728,0.22337332702915377,1000,1000,1000,1000,0.2,0.5,0.5,0.5132969755670211,1.0265939511340423,0
150,rejection,0.25,0.16810887825501156,0.18131538084551926,1000,1000,1000,1000,0.2,0.5,0.5,0.5136265262271434,1.0272530524542869,0
150,plugin,0.25,0.19131191485037824,0.18131538084551926,1000,1000,1000,1000,0.2,0.5,0.5,0.5136265262271434,1.0272530524542869,0
151,rejection,0.25,0.23468209489635397,-0.01967334872239921,1000,1000,1000,1000,0.2,0.5,0.5,0.49699253734900084,0.9939850746980017,1
151,plugin,0.5,0.24269976809016178,0.17772665127760084,1000,1000,1000,1000,0.2,0.5,0.5,0.49699253734900084,0.9939850746980017,1
152,rejection,1.0,0.18352256806096987,0.2010751787571548,1000,1000,1000,1000,0.2,0.5,0.5,0.4870833945755668,0.9741667891511336,1
152,plugin,0.25,0.20957064836521835,0.21047517875715482,1000,1000,1000,1000,0.2,0.5,0.5,0.4870833945755668,0.9741667891511336,1
153,rejection,0.25,0.23861267198722128,0.2099663516645726,1000,1000,1000,1000,0.2,0.5,0.5,0.497405902606017,0.994811805212034,1
153,plugin,0.25,0.2524791183695268,0.2099663516645726,1000,1000,1000,1000,0.2,0.5,0.5,0.497405902606017,0.994811805212034,1
154,rejection,0.25,0.1702399428537599,0.19980428996543634,1000,1000,1000,1000,0.2,0.5,0.5,0.4856295973728912,0.9712591947457824,1
154,plugin,0.5,0.16404564335405503,0.19720428996543637,1000,1000,1000,1000,0.2,0.5,0.5,0.4856295973728912,0.9712591947457824,1
155,rejection,0.25,0.17681760879893402,0.2003825932630689,1000,1000,1000,1000,0.2,0.5,0.5,0.49776304044668324,0.9955260808933665,1
155,plugin,2.0,0.17556312816333974,0.18018259326306885,1000,1000,1000,1000,0.2,0.5,0.5,0.49776304044668324,0.9955260808933665,1
156,rejection,0.5,0.20606962782311286,0.20517569679707434,1000,1000,1000,1000,0.2,0.5,0.5,0.49933966913488353,0.9986793382697671,1
156,plugin,0.5,0.21831596516943277,0.20517569679707434,1000,1000,1000,1000,0.2,0.5,0.5,0.49933966913488353,0.9986793382697671,1
157,rejection,0.25,0.19538153036722047,0.1905889821509022,1000,1000,1000,1000,0.2,0.5,0.5,0.5060615879607708,1.0121231759215417,0
157,plugin,1.0,0.19480324208785452,0.1845889821509022,1000,1000,1000,1000,0.2,0.5,0.5,0.5060615879607708,1.0121231759215417,0
158,rejection,0.25,0.1516606043360414,0.17807565728565386,1000,1000,1000,1000,0.2,0.5,0.5,0.5053245063122092,1.0106490126244183,0
158,plugin,0.5,0.15209445847256245,0.17607565728565386,1000,1000,1000,1000,0.2,0.5,0.5,0.5053245063122092,1.0106490126244183,0
159,rejection,0.25,0.1838643175216138,0.20814297489721295,1000,1000,1000,1000,0.2,0.5,0.5,0.4987811403686151,0.9975622807372302,1
159,plugin,0.5,0.18069144163031625,0.20814297489721295,1000,1000,1000,1000,0.2,0.5,0.5,0.4987811403686151,0.9975622807372302,1
160,rejection,0.5,0.21054481378352705,0.19101371973250683,1000,1000,1000,1000,0.2,0.5,0.5,0.49973352851630126,0.9994670570326025,1
160,plugin,1.0,0.2283122797421776,0.18481371973250701,1000,1000,1000,1000,0.2,0.5,0.5,0.49973352851630126,0.9994670570326025,1
161,rejection,1.0,0.14646277715786335,0.1762684730346104,1000,1000,1000,1000,0.2,0.5,0.5,0.5044251285916378,1.0088502571832756,0
161,plugin,0.5,0.17288251067840374,0.18046847303461042,1000,1000,1000,1000,0.2,0.5,0.5,0.5044251285916378,1.0088502571832756,0
162,rejection,0.25,0.2480084585747394,0.1881977301362161,1000,1000,1000,1000,0.2,0.5,0.5,0.48935542025516304,0.9787108405103261,1
162,plugin,0.25,0.2499800309333002,0.1881977301362161,1000,1000,1000,1000,0.2,0.5,0.5,0.48935542025516304,0.9787108405103261,1
163,rejection,0.25,0.19106922696102882,0.1933870325336474,1000,1000,1000,1000,0.2,0.5,0.5,0.49680811055495383,0.9936162211099077,1
163,plugin,0.25,0.17710449318195934,0.1933870325336474,1000,1000,1000,1000,0.2,0.5,0.5,0.49680811055495383,0.9936162211099077,1
164,rejection,0.25,0.19599196161387886,0.16290927861533186,1000,1000,1000,1000,0.2,0.5,0.5,0.4955344023943119,0.9910688047886238,1
164,plugin,1.0,0.20666662334523048,0.15030927861533172,1000,1000,1000,1000,0.2,0.5,0.5,0.4955344023943119,0.9910688047886238,1
165,rejection,0.5,0.19588040517157992,0.22004488698780597,1000,1000,1000,1000,0.2,0.5,0.5,0.5105596786837497,1.0211193573674995,0
165,plugin,0.5,0.21556122865578906,0.22004488698780597,1000,1000,1000,1000,0.2,0.5,0.5,0.5105596786837497,1.0211193573674995,0
166,rejection,0.25,0.21794436355874158,0.22278771975332554,1000,1000,1000,1000,0.2,0.5,0.5,0.5063231706158329,1.0126463412316657,0
166,plugin,1.0,0.2165857523717131,0.2119877197533257,1000,1000,1000,1000,0.2,0.5,0.5,0.5063231706158329,1.0126463412316657,0
167,rejection,1.0,0.2076552711065337,0.19122334154669093,1000,1000,1000,1000,0.2,0.5,0.5,0.5135415855167476,1.0270831710334951,0
167,plugin,1.0,0.229842727344958,0.19122334154669093,1000,1000,1000,1000,0.2,0.5,0.5,0.5135415855167476,1.0270831710334951,0
168,rejection,0.25,0.19803296652961674,0.20260123950568537,1000,1000,1000,1000,0.2,0.5,0.5,0.5041815931683534,1.0083631863367069,0
168,plugin,0.5,0.20209058327869753,0.2022012395056854,1000,1000,1000,1000,0.2,0.5,0.5,0.5041815931683534,1.0083631863367069,0
169,rejection,0.25,0.13929188213983756,0.18546376814763826,1000,1000,1000,1000,0.2,0.5,0.5,0.48302914329070007,0.9660582865814001,1
169,plugin,0.5,0.1368972315668924,0.1798637681476383,1000,1000,1000,1000,0.2,0.5,0.5,0.48302914329070007,0.9660582865814001,1
170,rejection,1.0,0.17903328347396422,0.192778832020005,1000,1000,1000,1000,0.2,0.5,0.5,0.5023445229138177,1.0046890458276354,0
170,plugin,0.5,0.20221097409460875,0.21437883202000493,1000,1000,1000,1000,0.2,0.5,0.5,0.5023445229138177,1.0046890458276354,0
171,rejection,0.25,0.20525325141689107,0.1797162319240243,1000,1000,1000,1000,0.2,0.5,0.5,0.5153184512430345,1.030636902486069,0
171,plugin,0.5,0.21646489995284943,0.17911623192402434,1000,1000,1000,1000,0.2,0.5,0.5,0.5153184512430345,1.030636902486069,0
172,rejection,0.5,0.1727074919580843,0.19433811315623006,1000,1000,1000,1000,0.2,0.5,0.5,0.4844067085578472,0.9688134171156944,1
172,plugin,0.25,0.1835874176927658,0.19893811315623003,1000,1000,1000,1000,0.2,0.5,0.5,0.4844067085578472,0.9688134171156944,1
173,rejection,1.0,0.1960022436795242,0.19743245871319332,1000,1000,1000,1000,0.2,0.5,0.5,0.498541699643752,0.997083399287504,1
173,plugin,1.0,0.19966005199938844,0.19743245871319332,1000,1000,1000,1000,0.2,0.5,0.5,0.498541699643752,0.997083399287504,1
174,rejection,0.25,0.2074295958909881,0.2110584877297487,1000,1000,1000,1000,0.2,0.5,0.5,0.49135663010992503,0.9827132602198501,1
174,plugin,0.25,0.21025834698860588,0.2110584877297487,1000,1000,1000,1000,0.2,0.5,0.5,0.49135663010992503,0.9827132602198501,1
175,rejection,0.5,0.22214160228703314,0.2070871780591126,1000,1000,1000,1000,0.2,0.5,0.5,0.4885686101165315,0.977137220233063,1
175,plugin,0.25,0.23701549571504588,0.2080871780591126,1000,1000,1000,1000,0.2,0.5,0.5,0.4885686101165315,0.977137220233063,1
176,rejection,0.25,0.17435800296247125,0.16637257867741564,1000,1000,1000,1000,0.2,0.5,0.5,0.49382087457204704,0.9876417491440941,1
176,plugin,0.25,0.18805248479969716,0.16637257867741564,1000,1000,1000,1000,0.2,0.5,0.5,0.49382087457204704,0.9876417491440941,1
177,rejection,0.25,0.19037924585973434,0.21853728766403976,1000,1000,1000,1000,0.2,0.5,0.5,0.4804829153382634,0.9609658306765269,1
177,plugin,0.25,0.19806843768649954,0.21853728766403976,1000,1000,1000,1000,0.2,0.5,0.5,0.4804829153382634,0.9609658306765269,1
178,rejection,0.5,0.19341274727173527,0.16367262618281922,1000,1000,1000,1000,0.2,0.5,0.5,0.4913645872907421,0.9827291745814842,1
178,plugin,0.25,0.19344726440979557,0.1632726261828192,1000,1000,1000,1000,0.2,0.5,0.5,0.4913645872907421,0.9827291745814842,1
179,rejection,0.5,0.19280761162596283,0.17472291163953793,1000,1000,1000,1000,0.2,0.5,0.5,0.5039574638773079,1.0079149277546158,0
179,plugin,1.0,0.216312817345121,0.17192291163953782,1000,1000,1000,1000,0.2,0.5,0.5,0.5039574638773079,1.0079149277546158,0
180,rejection,1.0,0.16982253337588307,0.17918167301236754,1000,1000,1000,1000,0.2,0.5,0.5,0.5168702375798659,1.0337404751597319,0
180,plugin,0.5,0.1947551679047239,0.16518167301236775,1000,1000,1000,1000,0.2,0.5,0.5,0.5168702375798659,1.0337404751597319,0
181,rejection,0.25,0.17580596598676376,0.18484691247717983,1000,1000,1000,1000,0.2,0.5,0.5,0.4930439909148582,0.9860879818297164,1
181,plugin,2.0,0.1608620886399995,0.1626469124771796,1000,1000,1000,1000,0.2,0.5,0.5,0.4930439909148582,0.9860879818297164,1
182,rejection,0.25,0.21877972657293684,0.21748319828487697,1000,1000,1000,1000,0.2,0.5,0.5,0.4900691008412918,0.9801382016825836,1
182,plugin,0.25,0.22491744446690773,0.21748319828487697,1000,1000,1000,1000,0.2,0.5,0.5,0.4900691008412918,0.9801382016825836,1
183,rejection,0.25,0.18078597762936413,0.2173284148694668,1000,1000,1000,1000,0.2,0.5,0.5,0.5127115476477428,1.0254230952954857,0
183,plugin,0.25,0.18877203738877238,0.2173284148694668,1000,1000,1000,1000,0.2,0.5,0.5,0.5127115476477428,1.0254230952954857,0
184,rejection,0.25,0.18910183344988207,0.17443310963107014,1000,1000,1000,1000,0.2,0.5,0.5,0.5069037079037642,1.0138074158075283,0
184,plugin,0.5,0.1906346550077389,0.17403310963107013,1000,1000,1000,1000,0.2,0.5,0.5,0.5069037079037642,1.0138074158075283,0
185,rejection,0.25,0.22120039140316008,0.18905157200537667,1000,1000,1000,1000,0.2,0.5,0.5,0.4937000206523022,0.9874000413046043,1
185,plugin,0.25,0.23007867485825986,0.18905157200537667,1000,1000,1000,1000,0.2,0.5,0.5,0.4937000206523022,0.9874000413046043,1
186,rejection,0.25,0.18678389714329954,0.1842087129977398,1000,1000,1000,1000,0.2,0.5,0.5,0.4909955823793031,0.9819911647586061,1
186,plugin,0.25,0.18771767312389173,0.1842087129977398,1000,1000,1000,1000,0.2,0.5,0.5,0.4909955823793031,0.9819911647586061,1
187,rejection,0.5,0.13266609371330224,0.18354869053365175,1000,1000,1000,1000,0.2,0.5,0.5,0.4900750736456154,0.9801501472912308,1
187,plugin,0.5,0.15141592973853923,0.18354869053365175,1000,1000,1000,1000,0.2,0.5,0.5,0.4900750736456154,0.9801501472912308,1
188,rejection,0.25,0.21019149344206878,0.17289023112333166,1000,1000,1000,1000,0.2,0.5,0.5,0.4877473821263296,0.9754947642526592,1
188,plugin,0.5,0.21120118971002175,0.17049023112333164,1000,1000,1000,1000,0.2,0.5,0.5,0.4877473821263296,0.9754947642526592,1
189,rejection,0.25,0.19314217007849063,0.2086126133384743,1000,1000,1000,1000,0.2,0.5,0.5,0.4764649628431028,0.9529299256862056,1
189,plugin,0.5,0.19549536106237306,0.20721261333847424,1000,1000,1000,1000,0.2,0.5,0.5,0.4764649628431028,0.9529299256862056,1
190,rejection,0.25,0.23359129377331556,0.19422357571851215,1000,1000,1000,1000,0.2,0.5,0.5,0.5114579027094578,1.0229158054189156,0
190,plugin,0.5,0.23172597140583373,0.1950235757185122,1000,1000,1000,1000,0.2,0.5,0.5,0.5114579027094578,1.0229158054189156,0
191,rejection,0.25,0.19975010617730218,0.19681438562556874,1000,1000,1000,1000,0.2,0.5,0.5,0.48169461873745884,0.9633892374749177,1
191,plugin,0.25,0.19989848520993925,0.19681438562556874,1000,1000,1000,1000,0.2,0.5,0.5,0.48169461873745884,0.9633892374749177,1
192,rejection,0.25,0.2432607079742184,0.026131171319412016,1000,1000,1000,1000,0.2,0.5,0.5,0.5017380941244904,1.0034761882489809,0
192,plugin,1.0,0.24314702831605764,0.21893117131941214,1000,1000,1000,1000,0.2,0.5,0.5,0.5017380941244904,1.0034761882489809,0
193,rejection,0.5,0.21058092328629305,0.17445897186282044,1000,1000,1000,1000,0.2,0.5,0.5,0.49352921345051004,0.9870584269010201,1
193,plugin,0.25,0.20907690232961,0.17445897186282044,1000,1000,1000,1000,0.2,0.5,0.5,0.49352921345051004,0.9870584269010201,1
194,rejection,1.0,0.15263272009057252,0.19811589448556913,1000,1000,1000,1000,0.2,0.5,0.5,0.5143654011933371,1.0287308023866741,0
194,plugin,0.25,0.1541890722442351,0.0035158944855689517,1000,1000,1000,1000,0.2,0.5,0.5,0.5143654011933371,1.0287308023866741,0
195,rejection,0.25,0.22921106046283576,0.21674769253458853,1000,1000,1000,1000,0.2,0.5,0.5,0.5092659582228282,1.0185319164456563,0
195,plugin,0.25,0.24497245114023017,0.21674769253458853,1000,1000,1000,1000,0.2,0.5,0.5,0.5092659582228282,1.0185319164456563,0
196,rejection,0.25,0.22748070817332003,0.18372833473481062,1000,1000,1000,1000,0.2,0.5,0.5,0.49790835985746285,0.9958167197149257,1
196,plugin,0.25,0.21541626411499493,0.18372833473481062,1000,1000,1000,1000,0.2,0.5,0.5,0.49790835985746285,0.9958167197149257,1
197,rejection,0.25,0.17969986597148557,0.15760092889478453,1000,1000,1000,1000,0.2,0.5,0.5,0.4832817671472225,0.966563534294445,1
197,plugin,0.5,0.18316418116556776,0.1548009288947845,1000,1000,1000,1000,0.2,0.5,0.5,0.4832817671472225,0.966563534294445,1
198,rejection,0.25,0.17442287250602098,0.17910666995065933,1000,1000,1000,1000,0.2,0.5,0.5,0.48865578340809473,0.9773115668161895,1
198,plugin,0.5,0.17500209986369952,0.17770666995065934,1000,1000,1000,1000,0.2,0.5,0.5,0.48865578340809473,0.9773115668161895,1
199,rejection,0.5,0.21211325506888876,0.20855536542667885,1000,1000,1000,1000,0.2,0.5,0.5,0.5114755749159615,1.022951149831923,0
199,plugin,0.25,0.21429896361039283,0.20975536542667886,1000,1000,1000,1000,0.2,0.5,0.5,0.5114755749159615,1.022951149831923,0
